#Text,Average,Performance(s)
64,2.81E+28,0.109375
128,7.94E+28,0.21875
256,1.19E+29,0.390625
