#Text,Average,Performance(s)
64,843026919.4697275,0.140625
64,6683246.694077406,0.171875
