#Text,Average,Performance(s)
64,474169984.78870314,0.171875
