#Text,Average,Performance(s)
64,35.42878660394702,0.265625
65536,436304.9182320399,252.15625
1024,116.41411509626596,3.96875
