#Text,Average,Performance(s)
64,1.8446744073709552e+19,0.03125
64,2.029974216960234e+17,0.109375
