#Text,Average,Performance(s)
262144,39.55855484883562,1338.796875
