#Text,Average,Performance(s)
64,2988.1608988365115,0.203125
