#Text,Average,Performance(s)
1024,29.15220744671958,4.59375
4096,38.625619289852295,18.1875
65536,91.43268866877668,291.203125
