#Text,Average,Performance(s)
64,1329.426609946123,0.0
128,1807.320778720324,0.0
256 ,3041.217347211662,0.03125
