#Text,Average,Performance(s)
64,13651.17550368703,0.03125
128,29993.905130666833,0.0625
