#Text,Average,Performance(s)
64,46677794.237497166,0.015625
