#Text,Average,Performance(s)
256,23.941447773959712,0.078125
1024,36.33036818429351,0.265625
