#Text,Average,Performance(s)
64 ,24.921358995042272,0.015625
128 ,22.204842532402875,0.046875
512,29.79693699316466,0.125
2048 ,49.13418315068135,0.53125
4096 ,67.29309321122463,1.015625
