#Text,Average,Performance(s)
64,23.637592529222722,0.015625
512,19.585698903999884,0.109375
