#Text,Average,Performance(s)
64,17.774607710620955,0.03125
