#Text,Average,Performance(s)
128,98603702.78383635,0.046875
